num_students,avg_absence,internet_access
131,2.7557251908396947,85.49618320610686
100,4.61,68.0
418,3.715311004784689,76.07655502392345
